1000ccTurbo                 1000cc Turbo (1000ccTurbo)
1000Miglia                  1000 Miglia (1000Miglia)
1869                        1869 (1869)
1943                        1943: The Battle of Midway (1943)
1stDivisionManager          1st Division Manager (1stDivisionManager)
20000LeaguesUnderTheSea     20000 Leagues under the Sea (20000LeaguesUnderTheSea)
3001OConnorsFight           3001: O'Connors Fight (3001OConnorsFight)
3DConstructionKit           3D Construction Kit (3DConstructionKit)
3DGalax                     3D Galax (3DGalax)
3DPool                      3D Pool (3DPool)
3DPool                      3D Pool (3DPool) 3DPictures
3DWorldSoccer               3D World Soccer (3DWorldSoccer)
3DWorldTennis               3D World Tennis (3DWorldTennis)
4DSportsBoxing              4D Sports Boxing (4DSportsBoxing)
4DSportsDriving             4D Sports Driving (4DSportsDriving)
4DSportsDriving&MstrTrcks   4D Sports Driving (4DSportsDriving&MstrTrcks)
4th&Inches                  4th & Inches (4th&Inches)
4x4OffRoadRacing            4x4 Off-Road Racing (4x4OffRoadRacing)
5thGear                     5th Gear (5thGear)
688AttackSub                688 Attack Sub (688AttackSub)
7Colors                     7 Colors (7Colors)
9Lives                      9 Lives (9Lives)
A10TankKiller2Disk          A-10 Tank Killer (A10TankKiller2Disk)
A10TankKiller3Disk          A-10 Tank Killer (A10TankKiller3Disk)
AbandonedPlaces             Abandoned Places: A Time for Heroes (AbandonedPlaces)
AbandonedPlaces2            Abandoned Places 2 (AbandonedPlaces2)
ABCMondayNightFootball      ABC Monday Night Football (ABCMondayNightFootball)
Abracadabra                 Abracadabra (Abracadabra)
Academy                     Academy (Academy)
AceBall                     Ace Ball (AceBall)
ActionFighter               Action Fighter (ActionFighter)
AddamsFamily                Addams Family, The (AddamsFamily)
Adrenalynn                  Adrenalynn (Adrenalynn)
AdvancedDestroyerSim        Advanced Destroyer Simulator (AdvancedDestroyerSim)
AdvancedSkiSimulator        Advanced Ski Simulator (AdvancedSkiSimulator)
AdvantageTennis             Advantage Tennis (AdvantageTennis)
AdventureConstructionSet    Adventure Construction Set (AdventureConstructionSet)
AdventuresOfGenlockHolmes   The Adventures of Genlock Holmes (AdventuresOfGenlockHolmes)
AdventuresOfQuik&Silva      Adventures of Quik & Silva, The (AdventuresOfQuik&Silva)
AdventuresOfRobinHood       Adventures of Robin Hood, The (AdventuresOfRobinHood)
AdventuresOfWillyBeamish    The Adventures of Willy Beamish (AdventuresOfWillyBeamish)
AfricanRaiders01            African Raiders-01 (AfricanRaiders01)
AfterBurnerActivision       Afterburner (AfterBurnerActivision)
AfterBurnerSega             After Burner [Sega] (AfterBurnerSega)
AfterTheWar                 After the War (AfterTheWar)
AGE                         Advanced Galactic Empire (AGE)
Agony                       Agony (Agony)
Airball                     Airball (Airball)
AirborneRanger              Airborne Ranger (AirborneRanger)
AirSupport                  Air Support (AirSupport)
Akira                       Akira (Akira)
Alcatraz                    Alcatraz (Alcatraz)
AlchemyDemo                 Alchemy (AlchemyDemo)
AlfredChicken               Alfred Chicken (AlfredChicken)
Alianator                   Alianator (Alianator)
Alien3                      Alien³ (Alien3)
AlienBash                   Alien Bash (AlienBash)
AlienBash2                  Alien Bash 2 (AlienBash2)
AlienBreed                  Alien Breed (AlienBreed)
AlienBreed2                 Alien Breed II: The Horror Continues (AlienBreed2)
AlienBreedSpecialEdition    Alien Breed: Special Edition 1992 (AlienBreedSpecialEdition)
AlienBreedStory             Alien Breed (AlienBreedStory)
AlienBreedTA                Alien Breed: Tower Assault (AlienBreedTA)
AlienBreedTA11              Alien Breed: Tower Assault (AlienBreedTA11)
AlienDrugLords              Alien Drug Lords: The Chyropian Connection (AlienDrugLords)
AlienFishFinger             Alien Fish Finger (AlienFishFinger)
AlienLegion                 Alien Legion (AlienLegion)
AlienStorm                  Alien Storm (AlienStorm)
AlienSyndrome               Alien Syndrome (AlienSyndrome)
AlienWorld                  Alien World (AlienWorld)
Aliex                       Aliex (Aliex)
AllanBordersCricket         Allan Border's Cricket (AllanBordersCricket)
AlloAllo                    Allo Allo! Cartoon Fun! (AlloAllo)
AllTerrainRacing            ATR: All Terrain Racing (AllTerrainRacing)
AllTerrainRacingXmasDemo    ATR: All Terrain Racing (AllTerrainRacingXmasDemo)
Alpha1                      Alpha-1 (Alpha1)
AlphaWaves                  Alpha Waves (AlphaWaves)
AlteredBeast                Altered Beast (AlteredBeast)
AlteredDestiny              Altered Destiny (AlteredDestiny)
AmazingSpiderMan            The Amazing Spider-Man (AmazingSpiderMan)
Amberstar                   Amberstar (Amberstar)
Amegas                      Amegas (Amegas)
AmericanGladiators          American Gladiators (AmericanGladiators)
AmericanTagTeamWrestling    American Tag-Team Wrestling (AmericanTagTeamWrestling)
AmigaKarate                 Amiga Karate (AmigaKarate)
Amnios                      Amnios (Amnios)
Anarchy                     Anarchy (Anarchy)
AncientArtOfWarInTheSkies   The Ancient Art of War in the Skies (AncientArtOfWarInTheSkies)
AnotherWorld                Another World (AnotherWorld)
Antago                      Antago (Antago)
AotGSAFP27b6                The Attack of the Green Smelly Aliens From Planet 27b/6 (AotGSAFP27b6)
Apache                      Apache (Apache)
Apache&OverdriveDemo        Apache (Apache&OverdriveDemo)
ApacheFlight                Apache Flight (ApacheFlight)
ApanoSin                    Apano Sin (ApanoSin)
APBImage                    All Points Bulletin (APBImage)
Apidya                      Apidya (Apidya)
Apidya                      Apidya (Apidya)
Apidya                      Apidya (Apidya)
ApidyaAudios                Apidya (ApidyaAudios)
ApidyaKaiko                 Apidya (ApidyaKaiko)
Apocalypse                  Apocalypse (Apocalypse)
Apprentice                  Apprentice (Apprentice)
Aquablast                   Aquablast (Aquablast)
AquanautF1Licenceware       Aquanaut (AquanautF1Licenceware)
AquaticGames                Aquatic Games, The: Starring James Pond and the Aquabats (AquaticGames)
Aquaventura                 Aquaventura (Aquaventura)
ArabianNights               Arabian Nights (ArabianNights)
Arachnophobia               Arachnophobia (Arachnophobia)
ArcadeFruitMachine          Arcade Fruit Machine (ArcadeFruitMachine)
ArcadePool                  Arcade Pool (ArcadePool)
ArcadeTriviaQuiz            Arcade Trivia Quiz (ArcadeTriviaQuiz)
ArcherMacleansBillardAmcn   Archer MacLean Presents: Billard Americain (ArcherMacleansBillardAmcn)
ArcherMacleansPool          Archer Maclean's Pool (ArcherMacleansPool)
Archipelagos                Archipelagos (Archipelagos)
Archon                      Archon: The Light and the Dark (Archon)
Archon2                     Archon II: Adept (Archon2)
Arcticfox                   Arcticfox (Arcticfox) ArcticFox
Arena                       Arena (Arena)
Arkanoid                    Arkanoid (Arkanoid)
ArkanoidRevengeOfDoh        Arkanoid: Revenge of Doh (ArkanoidRevengeOfDoh)
ArmageddonMan               Armageddon Man, The (ArmageddonMan)
Armalyte                    Armalyte (Armalyte)
ArmourGeddon                Armour-Geddon (ArmourGeddon)
ArmourGeddon2               Armour-Geddon II: Codename Hellfire (ArmourGeddon2)
ArmyMoves                   Army Moves (ArmyMoves)
Arnie                       Arnie (Arnie)
Arnie2                      Arnie 2 (Arnie2)
ArtOfChess                  The Art of Chess (ArtOfChess)
Artura                      Artura (Artura)
AshesOfEmpire               Ashes of Empire (AshesOfEmpire)
Assassin                    Assassin (Assassin)
AssassinSpecialEdition      Assassin: Special Edition (AssassinSpecialEdition)
Astaroth                    Astaroth (Astaroth)
Astatin                     Astatin (Astatin)
AsterixOpGetafix            Astérix: Operation Getafix (AsterixOpGetafix)
AstroMarineCorps            Astro Marine Corps (AstroMarineCorps)
Atax                        Atax (Atax)
ATF2                        Advanced Tactical Fighter II (ATF2)
AtomicRoboKid               Atomic Robo-Kid (AtomicRoboKid) AtomicRobokid
Atomino                     Atomino (Atomino)
Atomix                      Atomix (Atomix) atomix
AtomSmasher                 Atom Smasher (AtomSmasher)
ATrain                      A-Train (ATrain)
ATrain&ConstrSet512k        A-Train (ATrain&ConstrSet512k) ATrain512k
ATrain&ConstructionSet      A-Train (ATrain&ConstructionSet) ATrain
AuntArcticAdventure         Aunt Arctic Adventure (AuntArcticAdventure)
AustraloPiticusMechanicus   Australo Piticus Mechanicus (AustraloPiticusMechanicus)
AutoDuel                    Auto Duel (AutoDuel)
AV8BHarrierAssault          AV-8B Harrier Assault (AV8BHarrierAssault)
Awesome                     AWESOME (Awesome)
AxelsMagicHammer            Axel's Magic Hammer (AxelsMagicHammer)
AxeOfRage                   Axe of Rage (AxeOfRage)
AztecChallenge              Aztec Challenge (AztecChallenge)
B17FlyingFortress           B-17 Flying Fortress (B17FlyingFortress)
BabaYaga                    Baba Yaga (BabaYaga)
BabyJoInGoingHome           Baby Jo in 'Going Home' (BabyJoInGoingHome)
BabylonianTwinsDemo         Babylonian Twins (BabylonianTwinsDemo)
Backlash                    Backlash (Backlash)
BackToTheFutureIII          Back to the Future Part III (BackToTheFutureIII)
BackToTheFuturePart2        Back to the Future Part II (BackToTheFuturePart2)
BadCat                      Bad Cat (BadCat)
BadCompany                  Bad Company (BadCompany)
BadDudes                    Bad Dudes (BadDudes)
BadDudesVsDragonNinja       Bad Dudes vs. Dragonninja (BadDudesVsDragonNinja)
BadLands                    BadLands (BadLands)
BadlandsPete                Badlands Pete (BadlandsPete)
Bagitman                    Bagitman (Bagitman)
BalanceOfPower              Balance of Power: Geopolitics in the Nuclear Age (BalanceOfPower)
BalanceOfPower1990Ed        Balance of Power: Geopolitics in the Nuclear Age (BalanceOfPower1990Ed)
BallGame                    The Ball Game (BallGame)
Ballistix                   Ballistix (Ballistix)
BallRaider                  Ball Raider (BallRaider)
BanditKings                 Bandit Kings of Ancient China (BanditKings)
BangkokKnights              Bangkok Knights (BangkokKnights)
Banzai                      Banzai (Banzai)
Barbarian2Palace            Barbarian II (Barbarian2Palace)
Barbarian2Psygnosis         Barbarian II (Barbarian2Psygnosis)
BarbarianPalace             Barbarian (BarbarianPalace)
BarbarianPsygnosis          Barbarian (BarbarianPsygnosis)
BardsTale                   Bard's Tale, The: Tales of the Unknown (BardsTale)
BardsTale2                  Bard's Tale II, The: The Destiny Knight (BardsTale2)
BardsTale3                  Bard's Tale III, The: Thief of Fate (BardsTale3)
BarGames                    Bar Games (BarGames)
BargonAttack                Bargon Attack (BargonAttack)
BartVsSpaceMutants1Disk     Simpsons, The: Bart vs. the Space Mutants (BartVsSpaceMutants1Disk)
BartVsSpaceMutants2Disk     Simpsons, The: Bart vs. the Space Mutants (BartVsSpaceMutants2Disk)
BartVsSpaceMutants2Disk     Simpsons, The: Bart vs. the Space Mutants (BartVsSpaceMutants2Disk) Intro2Disk
BartVsTheWorld              Simpsons, The: Bart vs. the World (BartVsTheWorld)
BaseJumpers                 Base Jumpers (BaseJumpers)
BasketIslandDemo1           Basket Island (BasketIslandDemo1)
BasketIslandDemo2           Basket Island (BasketIslandDemo2)
BAT                         B.A.T. (BAT)
BAT2                        B.A.T. II (BAT2)
BatmanCapedCrusader         Batman: The Caped Crusader (BatmanCapedCrusader)
BatmanReturns               Batman Returns (BatmanReturns)
BatmanTheMovie              Batman: The Movie (BatmanTheMovie)
BattleBound                 Battle Bound (BattleBound)
BattleChess2                Battle Chess II: Chinese Chess (BattleChess2)
BattleChessCDTV             Battle Chess (BattleChessCDTV)
BattleCommand               Battle Command (BattleCommand)
BattleForAshes              Battle for the Ashes (BattleForAshes)
BattleForAshesAmigaPower    Battle for the Ashes (BattleForAshesAmigaPower)
Battlehawks1942             Battlehawks 1942 (Battlehawks1942)
BattleIsle                  Battle Isle (BattleIsle)
BattleIsle&DataDisks        Battle Isle (BattleIsle&DataDisks) BattleIsle
BattleIsle&DataDisks        Battle Isle (BattleIsle&DataDisks)
Battlemaster                Battle Master (Battlemaster)
Battleships                 Battleships (Battleships)
BattleSquadron              Battle Squadron (BattleSquadron)
Battletech                  Battletech: The Crescent Hawk's Inception (Battletech)
Battletoads                 Battletoads (Battletoads)
BattleValley                Battle Valley (BattleValley)
BCKid                       BC Kid (BCKid)
BeachVolley                 Beach Volley (BeachVolley)
Beam                        Beam (Beam)
BeastBusters                Beast Busters (BeastBusters)
Beastlord                   Beastlord (Beastlord)
Beavers                     Beavers (Beavers)
BehindTheIronGate           Behind the Iron Gate (BehindTheIronGate)
Belial                      Belial (Belial)
BeneathAStlSky              Beneath A Steel Sky (BeneathAStlSky)
Benefactor                  Benefactor (Benefactor)
Berlin1948                  Berlin 1948 (Berlin1948)
BestOfTheBest               Best of the Best: Championship Karate (BestOfTheBest)
Betrayal                    Betrayal (Betrayal)
BetterDeadThanAlien         Better Dead Than Alien! (BetterDeadThanAlien)
BetterMaths                 Better Maths (BetterMaths)
BeverlyHillsCop             Beverly Hills Cop (BeverlyHillsCop)
BeyondDarkCastle            Beyond Dark Castle (BeyondDarkCastle)
BeyondTheIcePalace          Beyond the Ice Palace (BeyondTheIcePalace)
BigBusiness                 Big Business (BigBusiness)
BigNoseTheCaveman           Big Nose the Caveman (BigNoseTheCaveman)
BigRun                      Big Run (BigRun)
BillsTomatoGame             Bill's Tomato Game (BillsTomatoGame)
BioChallenge                Bio Challenge (BioChallenge)
BionicCommando              Bionic Commando (BionicCommando)
BiplaneDuel                 Biplane Duel (BiplaneDuel)
BirdsOfPrey                 Birds of Prey (BirdsOfPrey)
Bismarck                    Bismarck (Bismarck)
BlackCauldron               Black Cauldron, The (BlackCauldron)
BlackCrypt                  Black Crypt (BlackCrypt)
BlackGoldreLINE             Black Gold (reLINE) (BlackGoldreLINE)
BlackHornet                 Black Hornet (BlackHornet)
BlackLamp                   Black Lamp (BlackLamp)
BlackShadow                 Black Shadow (BlackShadow)
BlackTiger                  Black Tiger (BlackTiger)
BlackViper                  Black Viper (BlackViper)
BladesOfSteel               Blades of Steel (BladesOfSteel)
BladeWarrior                Blade Warrior (BladeWarrior)
BlastaBallArcadia           Blastaball (BlastaBallArcadia)
Blastar                     Blastar (Blastar)
Blasteroids                 Blasteroids (Blasteroids)
BlazingThunder              Blazing Thunder (BlazingThunder)
BlinkysScarySchool          Blinky's Scary School (BlinkysScarySchool)
Blob                        Blob (Blob)
Blobz                       Blobz (Blobz)
BlockOut                    Block Out (BlockOut)
BlockShock                  Block Shock: The Last Chance (BlockShock)
BloodMoney                  Blood Money (BloodMoney)
Bloodnet                    BloodNet (Bloodnet)
Bloodwych                   Bloodwych (Bloodwych)
Bloodwych&ExtendedLevels    Bloodwych (Bloodwych&ExtendedLevels) ExtendedLevels
Bloodwych&ExtendedLevels    Bloodwych (Bloodwych&ExtendedLevels) Bloodwych
BlueAngel69                 Blue Angel 69 (BlueAngel69)
BlueAngels                  Blue Angels (BlueAngels)
BlueMax                     Blue Max: Aces of the Great War (BlueMax)
BluesBrothers               The Blues Brothers (BluesBrothers)
BMXSimulator                BMX Simulator (BMXSimulator)
BobsBadDay                  Bob's Bad Day (BobsBadDay)
BobsGarden                  Bob's Garden (BobsGarden)
BodyBlows                   Body Blows (BodyBlows)
BodyBlowsGalactic           Body Blows Galactic (BodyBlowsGalactic)
BomberBob                   Bomber Bob (BomberBob)
BombFusion                  Bomb Fusion (BombFusion)
BombJack                    Bomb Jack (BombJack)
Bombuzal                    Bombuzal (Bombuzal)
BombX                       Bomb'X (BombX)
BonanzaBros                 Bonanza Bros (BonanzaBros)
Booly                       Booly (Booly)
Borobodur                   Borobodur: The Planet of Doom (Borobodur)
BorrowedTime                Borrowed Time (BorrowedTime)
BostonBombClub              Boston Bomb Club (BostonBombClub)
Botics                      Botics (Botics)
BoulderDashConstrKit        Boulder Dash Construction Kit (BoulderDashConstrKit)
Brainball                   Brainball (Brainball)
BrainBlasters               Brain Blasters, The (BrainBlasters)
BrainMan                    Brain Man (BrainMan)
BramStokersDracula          Bram Stoker's Dracula (BramStokersDracula)
Brat                        Brat (Brat)
Brataccas                   Brataccas (Brataccas)
Breach                      Breach (Breach)
Breach2                     Breach 2 (Breach2)
BreathlessDemo              Breathless (BreathlessDemo)
BrianLarasCricket           Brian Lara's Cricket (BrianLarasCricket)
BrianLarasCricket96         Brian Lara's Cricket 96 (BrianLarasCricket96)
BrianTheLion                Brian the Lion (BrianTheLion)
BridesOfDracula             Brides of Dracula (BridesOfDracula)
BrutalFootball              Brutal Football (BrutalFootball)
BrutalPawsOfFury            Brutal: Paws of Fury (BrutalPawsOfFury)
BSSJaneSeymour              Federation Quest 1: BSS Jane Seymour (BSSJaneSeymour)
BubbaNStix                  Bubba 'n' Stix (BubbaNStix)
Bubble&Squeak               Bubble and Squeak (Bubble&Squeak)
Bubble+                     Bubble + (Bubble+)
BubbleBobble                Bubble Bobble (BubbleBobble)
BubbleDizzy                 Bubble Dizzy (BubbleDizzy)
BubbleGun                   Bubble Gun (BubbleGun)
BuckRogersCountdownDday     Buck Rogers XXVc: Countdown To Doomsday (BuckRogersCountdownDday)
Budokan                     Budokan: The Martial Spirit (Budokan)
BuffaloBillsWildWestShow    Buffalo Bill's Wild West Show (BuffaloBillsWildWestShow)
BugBash                     Bug Bash (BugBash)
BugBomber                   Bugbomber (BugBomber)
BuggyBoy                    Buggy Boy (BuggyBoy)
BuilderLand                 Builderland (BuilderLand)
BumpNBurn                   Bump 'n' Burn (BumpNBurn)
BumpysArcadeFantasy         Bumpy's Arcade Fantasy (BumpysArcadeFantasy)
BundesligaManagerHatt       Bundesliga Manager Hattrick (BundesligaManagerHatt) BundesligaManagerHat
BunnyBricks                 Bunny Bricks (BunnyBricks)
BurgerMan                   Burger Man (BurgerMan)
BurningRubber               Burning Rubber (BurningRubber)
Burntime                    Burntime (Burntime)
ButcherHill                 Butcher Hill (ButcherHill)
Baal                        Baal (Baal)
Cabal                       Cabal (Cabal)
CabaretAsteroids            Cabaret Asteroids (CabaretAsteroids)
CabaretAsteroidsRepacked    Cabaret Asteroids (CabaretAsteroidsRepacked)
Cadaver                     Cadaver (Cadaver)
Cadaver&CadaverThePayoff    Cadaver: The Pay Off (Cadaver&CadaverThePayoff)
CadaverThePayoff            Cadaver: The Pay Off (CadaverThePayoff)
Caesar                      Caesar (Caesar)
CalepharImage               Calephar (CalepharImage)
CaliforniaGames             California Games (CaliforniaGames)
CaliforniaGames2            California Games II (CaliforniaGames2)
Campaign                    Campaign (Campaign)
Campaign&DataDisk           Campaign (Campaign&DataDisk)
Campaign2                   Campaign II (Campaign2)
CannonFodder                Cannon Fodder (CannonFodder)
CannonFodder2               Cannon Fodder 2 (CannonFodder2)
CannonFodder2AlienLevels    Cannon Fodder 2 - Alien Levels (CannonFodder2AlienLevels)
CannonFodderNewCampaign     Cannon Fodder: New Campaign (CannonFodderNewCampaign)
CannonFodderPlus            Cannon Fodder Plus (CannonFodderPlus)
CannonSoccer                Cannon Soccer (CannonSoccer)
CapNCarnage                 Cap 'n' Carnage (CapNCarnage)
Capone                      Capone (Capone)
CaptainBlood                Captain Blood (CaptainBlood)
CaptainDynamo               Captain Dynamo (CaptainDynamo)
CaptainFizz                 Captain Fizz Meets the Blaster-Trons (CaptainFizz)
CaptainPlanet&Planeteers    Captain Planet and the Planeteers (CaptainPlanet&Planeteers)
Captive                     Captive (Captive)
Carcharodon                 Carcharodon: White Sharks (Carcharodon)
CardiaxxElectronicZoo       Cardiaxx (CardiaxxElectronicZoo)
CardiaxxTeam17              Cardiaxx (CardiaxxTeam17)
CarlLewisChallenge          Carl Lewis Challenge, The (CarlLewisChallenge)
Carlos                      Carlos (Carlos)
Carnage                     Carnage (Carnage)
CarrierCommand              Carrier Command (CarrierCommand)
Carthage                    Carthage (Carthage)
Cartoons                    Cartoons, The (Cartoons)
Carver                      Carver (Carver)
CarVup                      Car-Vup (CarVup)
CastleKingdoms              Castle Kingdoms (CastleKingdoms)
CastleMaster                Castle Master (CastleMaster)
CastleMaster2               Castle Master II: The Crypt (CastleMaster2)
CastleOfDrBrain             Castle of Dr. Brain (CastleOfDrBrain)
Castles                     Castles (Castles)
CastleVania                 Castlevania (CastleVania)
CastleWarrior               Castle Warrior (CastleWarrior)
CatchEm                     Catch 'Em (CatchEm)
Cattivik                    Cattivik (Cattivik)
CaveMania                   Cavemania (CaveMania) Cavemania
Cavitas                     Cavitas (Cavitas)
Cedric                      Cedric and the Lost Sceptre (Cedric)
CelticLegends               Celtic Legends (CelticLegends)
CentrefoldSquares           Centerfold Squares (CentrefoldSquares)
Centurion                   Centurion: Defender of Rome (Centurion)
Century                     Century (Century)
ChamberSciMutantPriestess   Chamber of the Sci-Mutant Priestess (ChamberSciMutantPriestess)
ChambersOfShaolin           Chambers of Shaolin (ChambersOfShaolin)
Champ                       The Champ (Champ)
ChampionDriver              Champion Driver (ChampionDriver)
ChampionshipGolf            Championship Golf (ChampionshipGolf)
ChampionshipRun             Vector Championship Run (ChampionshipRun)
ChampionsOfKrynn            Champions of Krynn (ChampionsOfKrynn)
ChaosEngine                 The Chaos Engine (ChaosEngine)
ChaosEngine2                Chaos Engine 2, The (ChaosEngine2)
ChaosInAndromedaCDTV        Chaos in Andromeda: Eyes of the Eagle (ChaosInAndromedaCDTV)
ChaosStrikesBack&EnUtil     Chaos Strikes Back (ChaosStrikesBack&EnUtil) ChaosStrikesBack
CharlieJCool                Charlie J. Cool (CharlieJCool)
ChaseHQ                     Chase HQ (ChaseHQ)
ChaseHQ2                    Chase HQ II: Special Criminal Investigation (ChaseHQ2)
Chessmaster2000             The Chessmaster 2000 (Chessmaster2000)
ChessPlayer2150             Chess Player 2150 (ChessPlayer2150)
ChessPlayer2150AA           Chess Player 2150 (ChessPlayer2150AA)
ChessSimulator              Chess Simulator (ChessSimulator)
Chicago90                   Chicago 90 (Chicago90)
ChipsChallenge              Chip's Challenge (ChipsChallenge)
ChipsChallengeEpyx          Chip's Challenge (ChipsChallengeEpyx)
ChipsChallengeUSGold        Chip's Challenge (ChipsChallengeUSGold)
Chrome                      Chrome (Chrome)
ChroniclesOfOmega           The Chronicles Of Omega (ChroniclesOfOmega)
ChronoQuest                 Chrono Quest (ChronoQuest)
ChronoQuest2                Chrono Quest II (ChronoQuest2)
ChubbyGristle               Chubby Gristle (ChubbyGristle)
ChuckieEgg                  Chuckie Egg (ChuckieEgg)
ChuckieEgg2                 Chuckie Egg II (ChuckieEgg2)
ChuckRock                   Chuck Rock (ChuckRock)
ChuckRock2                  Chuck Rock II: Son of Chuck (ChuckRock2)
ChuckYeagersAFT2            Chuck Yeager's Advanced Flight Trainer 2.0 (ChuckYeagersAFT2)
CircusAttractions1Disk      Circus Attractions (CircusAttractions1Disk)
CircusAttractions2Disk      Circus Attractions (CircusAttractions2Disk)
CircusGames                 Circus Games (CircusGames)
CiscoHeat                   Cisco Heat (CiscoHeat)
Citadel                     Citadel (Citadel)
CityDefence                 City Defence (CityDefence)
Civilization                Civilization (Civilization)
CivilizationCD              Civilization (CivilizationCD)
CJInTheUSA                  CJ in the USA (CJInTheUSA)
CJsElephantAntics           CJ's Elephant Antics (CJsElephantAntics)
Classic&BabyArcadia         Classic Arcadia & Baby Arcadia (Classic&BabyArcadia)
ClassicBoardGames           Classic Board Games (ClassicBoardGames)
ClassicPucman               Classic Pucman (ClassicPucman)
Cliffhanger                 Cliffhanger (Cliffhanger)
ClikClak                    Clik Clak (ClikClak)
Clockwiser                  Clockwiser (Clockwiser)
CloudKingdoms               Cloud Kingdoms (CloudKingdoms)
ClownOMania                 Clown-O-Mania (ClownOMania)
Clue                        Clue!, The (Clue)
CluedoMasterDetective       Cluedo: Master Detective (CluedoMasterDetective)
ClueMasterDetective         Clue: Master Detective (ClueMasterDetective)
Coala                       COALA (Coala)
CodeNameIceman              Code Name: Iceman (CodeNameIceman)
CogansRun                   Cogans Run (CogansRun)
ColonelsBequest             Colonel's Bequest, The (ColonelsBequest)
Colonization                Colonization (Colonization)
Colony                      The Colony (Colony)
Colorado                    Colorado (Colorado)
ColorBuster                 Color Buster (ColorBuster)
Coloris                     Coloris (Coloris)
ColossusChessX              Colossus Chess X (ColossusChessX)
CombatAirPatrol             Combat Air Patrol (CombatAirPatrol)
ComboRacer                  Combo Racer (ComboRacer)
Commando                    Commando (Commando)
ComputerScrabble            Computer Scrabble (ComputerScrabble)
ComputerThirdReich          Third Reich (ComputerThirdReich)
ConanTheCimmerian           Conan the Cimmerian (ConanTheCimmerian)
ConflictEurope              Conflict: Europe (ConflictEurope)
ConflictMiddleEastPolSim    Conflict: The Middle East Political Simulator (ConflictMiddleEastPolSim)
Conqueror                   Conqueror (Conqueror)
ConquestsOfCamelot          Conquests of Camelot (ConquestsOfCamelot)
ConquestsOfTheLongbow       Conquests of the Longbow (ConquestsOfTheLongbow)
ContinentalCircus           Continental Circus (ContinentalCircus)
CoolCrocTwins               Cool Croc Twins (CoolCrocTwins)
CoolSpot                    Cool Spot (CoolSpot)
CoolWorld                   Cool World (CoolWorld)
Corporation&Missions2Disk   Corporation (Corporation&Missions2Disk)
Corporation&Missions3Disk   Corporation (Corporation&Missions3Disk)
Corporation1Disk            Corporation (Corporation1Disk)
Corporation2Disk            Corporation (Corporation2Disk)
Corruption                  Corruption (Corruption)
Corsarios                   Corsarios (Corsarios)
Corx                        Corx (Corx)
CosmicBouncer               Cosmic Bouncer (CosmicBouncer)
CosmicPirate                Cosmic Pirate (CosmicPirate)
CosmicRelief                Cosmic Relief: Prof. Renegade to the Rescue (CosmicRelief)
CosmicSpacehead             Cosmic Spacehead (CosmicSpacehead)
CountDuckula                Count Duckula (CountDuckula)
CoverGirlStripPoker         Cover Girl Strip Poker (CoverGirlStripPoker)
CovertAction                Covert Action (CovertAction)
Crack                       Crack (Crack)
CrackDown                   Crack Down (CrackDown)
CrashGarrett                Crash Garrett (CrashGarrett)
CrazyCars                   Crazy Cars (CrazyCars)
CrazyCars2                  Crazy Cars II (CrazyCars2)
CrazyCars3                  Crazy Cars III (CrazyCars3)
CrazySeasons                Crazy Seasons (CrazySeasons)
CrazyShot                   Crazy Shot (CrazyShot)
CrazySue                    Crazy Sue (CrazySue)
CrazySueGoesOn              Crazy Sue ...Goes On (CrazySueGoesOn)
Creature                    Creature (Creature)
Creatures                   Creatures (Creatures)
CrimeCity                   Crime City (CrimeCity)
CrimeDoesNotPay             Crime Does Not Pay (CrimeDoesNotPay)
CrimeWave                   Crime Wave (CrimeWave)
Croak                       Croak! (Croak)
Croak2                      Croak 2 (Croak2)
CrossbowLegendWilliamTell   Crossbow: The Legend of William Tell (CrossbowLegendWilliamTell)
CrossCheck                  CrossCheck (CrossCheck)
CruiseForACorpse            Cruise for a Corpse (CruiseForACorpse)
CruncherFactory             Cruncher Factory (CruncherFactory)
CrystalDragon               Crystal Dragon (CrystalDragon)
CrystalHammerV1             Crystal Hammer (CrystalHammerV1)
CrystalHammerV2             Crystal Hammer (CrystalHammerV2)
CrystalKingdomDizzy         Crystal Kingdom Dizzy (CrystalKingdomDizzy)
CrystalPalace               Crystal Palace (CrystalPalace)
CrystalsOfArborea           Crystals of Arborea (CrystalsOfArborea)
Cubix                       Cubix (Cubix)
Cubulus                     Cubulus (Cubulus)
CurseOfEnchantia            Curse of Enchantia (CurseOfEnchantia)
CurseOfRA                   Curse of RA, The (CurseOfRA)
CurseOfTheAzureBonds        Curse of the Azure Bonds (CurseOfTheAzureBonds)
Custodian                   Custodian (Custodian)
CyberAssault                Cyber Assault (CyberAssault)
Cyberball                   Cyberball (Cyberball)
Cyberblast                  Cyberblast (Cyberblast)
Cybercon3                   Cybercon III (Cybercon3)
CyberCop                    Cyber Cop (CyberCop)
CyberEmpires                Cyber Empires (CyberEmpires)
CyberGames                  Cyber Games (CyberGames)
Cybernetix                  Cybernetix (Cybernetix)
Cybernoid                   Cybernoid: The Fighting Machine (Cybernoid)
Cybernoid2                  Cybernoid II: The Revenge (Cybernoid2)
Cyberpunks                  Cyberpunks (Cyberpunks)
CyberWorld                  Cyber World (CyberWorld)
Cyberzerk                   Cyberzerk (Cyberzerk)
Cycles                      Cycles, The: International Grand Prix Racing (Cycles)
Cygnus8                     Cygnus 8 (Cygnus8)
Cytron                      Cytron (Cytron)
DalekAttack                 Dalek Attack (DalekAttack)
DaleyThompsonsOC1Disk       Daley Thompson's Olympic Challenge (DaleyThompsonsOC1Disk)
DaleyThompsonsOC2Disk       Daley Thompson's Olympic Challenge (DaleyThompsonsOC2Disk)
Damage                      Damage: The Sadistic Butchering of Humanity (Damage)
Damocles                    Damocles - Mercenary II (Damocles)
DanDare3                    Dan Dare III: The Escape (DanDare3)
Darius+                     Darius+ (Darius+)
DarkCastle                  Dark Castle (DarkCastle)
DarkCentury                 Dark Century (DarkCentury)
DarkFusion                  Dark Fusion (DarkFusion)
Darkman                     Darkman (Darkman)
Darkmere                    Darkmere (Darkmere)
DarkQueenOfKrynn            The Dark Queen of Krynn (DarkQueenOfKrynn)
DarkSeed                    Darkseed (DarkSeed)
DarkSide                    Dark Side (DarkSide)
DarkSpyre                   DarkSpyre (DarkSpyre)
DasBoot                     Das Boot (DasBoot)
Datastorm                   Datastorm (Datastorm)
DawnPatrol                  Dawn Patrol (DawnPatrol)
DayOfThePharaoh             Day Of The Pharaoh (DayOfThePharaoh)
DayOfTheViper               Day of the Viper (DayOfTheViper)
DaysOfThunder               Days of Thunder (DaysOfThunder)
DDayImpressions             D-Day: The Beginning of the End (DDayImpressions)
DeathBringerEmpire          Death Bringer (DeathBringerEmpire)
DeathBringerSpotlight       Death Bringer (DeathBringerSpotlight)
DeathKnightsOfKrynn         Death Knights of Krynn (DeathKnightsOfKrynn)
DeathMask                   Death Mask (DeathMask)
DeathSword                  Death Sword (DeathSword)
DeathTrap                   Death Trap (DeathTrap)
DebutPlanetSimulation       Début: Planet Simulation (DebutPlanetSimulation)
Deconstruction              Deconstruction (Deconstruction)
Deep                        The Deep (Deep)
DeepCore                    Deep Core (DeepCore)
DeepSpace                   Deep Space (DeepSpace)
Defender2                   Defender II (Defender2)
DefenderOfTheCrownCDTV      Defender of the Crown (DefenderOfTheCrownCDTV)
DefenderRatsoft             Defender (DefenderRatsoft)
DefendersOfTheEarth         Defenders of the Earth (DefendersOfTheEarth)
Deflektor                   Deflektor (Deflektor)
DejaVu2LostInLasVegas       Deja Vu II: Lost in Las Vegas (DejaVu2LostInLasVegas)
DejaVuANightmareComesTrue   Deja Vu: A Nightmare Comes True (DejaVuANightmareComesTrue)
Deliverance                 Deliverance (Deliverance)
DeltaCommandArcadia         Delta Command (DeltaCommandArcadia)
DeluxeGalaga                Deluxe Galaga (DeluxeGalaga)
DeluxePacman                Deluxe Pacman (DeluxePacman)
DeluxeStripPoker            Strip Poker II (DeluxeStripPoker)
DeluxeStripPoker2           Deluxe Strip Poker 2 (DeluxeStripPoker2)
DeluxeStripPoker2&DDisks    Deluxe Strip Poker 2 (DeluxeStripPoker2&DDisks)
DemonBlue                   Demon Blue (DemonBlue)
Demoniak                    Demoniak (Demoniak)
DemonsTombTheAwakening      Demon's Tomb: The Awakening (DemonsTombTheAwakening)
Denaris1Disk                Denaris (Denaris1Disk)
Denaris2Disk                Denaris (Denaris2Disk)
Denjoy                      Denjoy (Denjoy)
Dennis                      Dennis (Dennis)
DesertStrike                Desert Strike: Return to the Gulf (DesertStrike)
Destroyer                   Destroyer (Destroyer)
Detonator                   Detonator (Detonator)
Detroit                     Detroit (Detroit)
Deuteros                    Deuteros (Deuteros)
DeviousDesigns              Devious Designs (DeviousDesigns)
DGeneration                 D/Generation (DGeneration)
DickTracy                   Dick Tracy (DickTracy)
DickTracyAdventure          Dick Tracy: The Crime Solving Adventure (DickTracyAdventure)
DieHard2                    Die Hard 2: Die Harder (DieHard2)
Digger                      Digger (Digger)
DimosQuest                  Dimo's Quest (DimosQuest)
DinosaurDetectiveAgency     Dinosaur Detective Agency (DinosaurDetectiveAgency)
DinoWars                    Dino Wars (DinoWars)
Disc                        Disc (Disc)
Discovery                   Discovery: In The Steps of Columbus (Discovery)
DiscoveryMicroIllusions     Discovery (MicroIllusions) (DiscoveryMicroIllusions)
DisposableHero              Disposable Hero (DisposableHero)
DistantArmies               Distant Armies: A Playing History of Chess (DistantArmies)
Ditris                      Ditris (Ditris)
DizzyCollection             Dizzy Collection (DizzyCollection) Disk2
DizzyCollection             Dizzy Collection (DizzyCollection) Disk1
DizzyDice                   Dizzy Dice (DizzyDice)
DizzyPanic                  Dizzy Panic (DizzyPanic)
DizzyPrinceOfTheYolkfolk    Dizzy: Prince of the Yolkfolk (DizzyPrinceOfTheYolkfolk)
DizzysExcellentAdventures   Dizzy's Excellent Adventures (DizzysExcellentAdventures) Disk2
DizzysExcellentAdventures   Dizzy's Excellent Adventures (DizzysExcellentAdventures) Disk1
Dogfight                    Dog Fight (Dogfight)
DogsOfWar                   Dogs of War (DogsOfWar)
DojoDan                     Dojo Dan (DojoDan)
Dominator                   Dominator (Dominator)
Dominium                    Dominium (Dominium)
DonaldDucksPlayground       Donald Duck's Playground (DonaldDucksPlayground)
DonaldsAlphabetChase        Donald's Alphabet Chase (DonaldsAlphabetChase)
DonkeyKong                  Donkey Kong (DonkeyKong)
DonkTheSamuraiDuck          Donk!: The Samurai Duck! (DonkTheSamuraiDuck)
Doodlebug                   Doodlebug (Doodlebug)
Doofus                      Doofus (Doofus)
DoubleAgent                 Double Agent (DoubleAgent)
DoubleDragon                Double Dragon (DoubleDragon)
DoubleDragon2               Double Dragon II: The Revenge (DoubleDragon2)
DoubleDragon3               Double Dragon 3: The Rosetta Stone (DoubleDragon3)
DoubleDribble               Double Dribble (DoubleDribble)
DownhillChallenge           Downhill Challenge (DownhillChallenge)
DragonBreed                 Dragon Breed (DragonBreed)
DragonFighter               Dragon Fighter (DragonFighter)
Dragonflight                Dragonflight (Dragonflight)
DragonsBreath               Dragons Breath (DragonsBreath)
DragonScape                 DragonScape (DragonScape)
DragonsKingdomDemo          Dragon's Kingdom (DragonsKingdomDemo)
DragonsLair                 Dragon's Lair (DragonsLair)
DragonsLair&EscapeFast      Dragon's Lair (DragonsLair&EscapeFast)
DragonsLair&EscapeSlow      Dragon's Lair (DragonsLair&EscapeSlow)
DragonsLair2                Dragon's Lair II: Time Warp (DragonsLair2)
DragonsLair3                Dragon's Lair III: The Curse of Mordread (DragonsLair3)
DragonsLairEscapeFast       Dragon's Lair: Escape from Singe's Castle (DragonsLairEscapeFast)
DragonsLairEscapeSlow       Dragon's Lair: Escape from Singe's Castle (DragonsLairEscapeSlow)
DragonSpirit                Dragon Spirit (DragonSpirit)
Dragonstone                 Dragonstone (Dragonstone)
DragonStrike                Dragon Strike (DragonStrike)
DragonTiles                 Dragon Tiles (DragonTiles)
DragonTiles2                Dragon Tiles II: The Tournament (DragonTiles2)
DragonWars                  Dragon Wars (DragonWars)
DrakkhenImage               Drakkhen (DrakkhenImage)
DrDoomsRevenge1Disk         Dr. Doom's Revenge! (DrDoomsRevenge1Disk)
DreamWeb                    DreamWeb (DreamWeb)
DreamZone                   Dream Zone (DreamZone)
Driller                     Driller (Driller)
Drip                        Drip (Drip)
DrivinForce                 Drivin' Force (DrivinForce)
DrMario                     Dr. Mario (DrMario)
DuckTales                   Duck Tales: The Quest for Gold (DuckTales)
Dugger                      Dugger (Dugger)
Dune                        Dune (Dune)
Dune2                       Dune II: The Battle for Arrakis (Dune2)
DungeonMaster               Dungeon Master (DungeonMaster)
DungeonQuest                Dungeon Quest (DungeonQuest)
DungeonsOfAvalon            Dungeons of Avalon (DungeonsOfAvalon)
DungeonsOfAvalon2           Dungeons of Avalon II: The Island of Darkness (DungeonsOfAvalon2)
Dux                         Dux (Dux)
DylanDogTheMurderers        Dylan Dog: The Murderers (DylanDogTheMurderers)
DynaBlaster                 Dyna Blaster (DynaBlaster)
DynamiteDux                 Dynamite Düx (DynamiteDux)
DynastyWars                 Dynasty Wars (DynastyWars)
Dyter07                     Dyter-07 (Dyter07)
EaglesRider                 Eagle's Rider (EaglesRider)
Ebonstar                    EbonStar (Ebonstar)
Eco                         Eco (Eco)
EcoPhantoms                 Eco Phantoms (EcoPhantoms)
EddTheDuck                  Edd the Duck! (EddTheDuck)
EddTheDuck2                 Edd The Duck 2: Back with a Quack! (EddTheDuck2)
EksperymentDelfin           Eksperyment Delfin (EksperymentDelfin)
ElectronicPool              Electronic Pool (ElectronicPool)
Elfmania                    Elfmania (Elfmania)
ElfMicroValue               Elf (ElfMicroValue)
ElfOcean                    Elf (ElfOcean)
Eliminator                  Eliminator (Eliminator)
Elite                       Elite (Elite)
EliteAdvanced               Elite Advanced (EliteAdvanced)
Elvira                      Elvira: Mistress of the Dark (Elvira)
Elvira2                     Elvira II: The Jaws of Cerberus (Elvira2)
ElviraArcade                Elvira: The Arcade Game (ElviraArcade)
Embryo                      Embryo (Embryo)
EmeraldMine                 Emerald Mine (EmeraldMine)
EmeraldMine2                Emerald Mine II (EmeraldMine2)
EmeraldMine3                Emerald Mine 3 Professional (EmeraldMine3)
EmlynHughesIntlSoccer       Emlyn Hughes International Soccer (EmlynHughesIntlSoccer)
Emmanuelle                  Emmanuelle (Emmanuelle)
EMotion                     E-Motion (EMotion)
EmpireSoccer94              Empire Soccer 94 (EmpireSoccer94)
EmpireStrikesBack           Star Wars: The Empire Strikes Back (EmpireStrikesBack)
EnchantedLand               Enchanted Land (EnchantedLand)
Encounter                   Encounter (Encounter)
Enemy(EasyPlay)             Enemy: Tempest of Violence (Enemy(EasyPlay))
Enemy2                      Enemy 2: Missing in Action (Enemy2)
Enemy2MissingInAction       Enemy 2: Missing in Action (Enemy2MissingInAction)
EnemyTempestOfViolence      Enemy: Tempest of Violence (EnemyTempestOfViolence)
EnemyTOVEasyPlay            Enemy: Tempest of Violence (EnemyTOVEasyPlay)
Enforcer                    Enforcer, The (Enforcer)
EnglandChampSpecial         England Championship Special (EnglandChampSpecial)
Enlightenment               Enlightenment: Druid II (Enlightenment)
Entity                      Entity (Entity) Intro
Entity                      Entity (Entity)
Epic                        Epic (Epic)
Epic&MissionDisk            Epic (Epic&MissionDisk)
Erik                        Erik (Erik)
EscapeFromColditz           Escape from Colditz (EscapeFromColditz)
EscapeFTPOTRobotMonsters    Escape from the Planet of the Robot Monsters (EscapeFTPOTRobotMonsters)
EskimoGames                 Eskimo Games (EskimoGames)
EspanaTheGames92            España: The Games '92 (EspanaTheGames92)
ESWAT                       ESWAT (ESWAT)
ETsRugbyLeague              E.T.'s Rugby League (ETsRugbyLeague)
EuropeanChampionship1992    European Championship 1992 (EuropeanChampionship1992)
EuropeanChampionsOcean      European Champions (EuropeanChampionsOcean)
EuropeanFootballChamp       European Football Champ (EuropeanFootballChamp)
EuroSoccer                  Euro Soccer (EuroSoccer)
EvilDawn                    Evil Dawn (EvilDawn)
EvilsDoomDemo               Evil's Doom (EvilsDoomDemo)
Excalibur                   Excalibur (Excalibur)
Executioner                 Executioner, The (Executioner)
Exile                       Exile (Exile)
Exolon                      Exolon (Exolon)
Extase                      Extase (Extase)
Exterminator                Exterminator (Exterminator)
Extrial                     Extrial (Extrial)
Eye                         Eye (Eye)
EyeOfHorus                  Eye of Horus, The (EyeOfHorus)
EyeOfTheBeholder            Eye of the Beholder (EyeOfTheBeholder)
EyeOfTheBeholder2           Eye of the Beholder II: The Legend of Darkmoon (EyeOfTheBeholder2)
EyeOfTheStorm               Eye of the Storm (EyeOfTheStorm) Intro
EyeOfTheStorm               Eye of the Storm (EyeOfTheStorm)
F1                          F1 (F1)
F15StrikeEagle2             F-15 Strike Eagle II (F15StrikeEagle2)
F16CombatPilot              F-16 Combat Pilot (F16CombatPilot)
F17Challenge                F17 Challenge (F17Challenge)
F19StealthFighter           F-19 Stealth Fighter (F19StealthFighter)
F1Tornado                   F1 Tornado (F1Tornado)
F1WorldChampionshipEd       F1 World Championship Edition (F1WorldChampionshipEd)
F29Retaliator               F29 Retaliator (F29Retaliator)
F40PursuitSimulator         F40 Pursuit Simulator (F40PursuitSimulator)
FA18Interceptor             F/A-18 Interceptor (FA18Interceptor)
FaceOff                     Face Off (FaceOff)
FaeryTaleAdventure          Faery Tale Adventure, The (FaeryTaleAdventure)
Falcon                      Falcon (Falcon)
Falcon&MissionDisks         Falcon (Falcon&MissionDisks)
FallenAngel                 Fallen Angel (FallenAngel)
FantasticDizzy              Fantastic Dizzy (FantasticDizzy)
FantasticVoyageCDTV         Fantastic Voyage (FantasticVoyageCDTV)
FantasyFlyer                Fantasy Flyer (FantasyFlyer)
FantasyWorldDizzy           Fantasy World Dizzy (FantasyWorldDizzy)
Fascination                 Fascination (Fascination)
FastBreak                   Fast Break (FastBreak)
FastBreakArcadia            Fast Break (FastBreakArcadia)
FastFood                    Fast Food! (FastFood)
FastFoodDizzyCollection     Fast Food! (FastFoodDizzyCollection)
FastLane                    Fast Lane! The Spice Engineering Challenge (FastLane)
FatalMission                Fatal Mission (FatalMission)
FateGatesOfDawn             Fate: Gates of Dawn (FateGatesOfDawn)
FatmanCapedConsumer         Fatman: The Caped Consumer (FatmanCapedConsumer)
FederationOfFreeTraders     Federation of Free Traders (FederationOfFreeTraders)
FemmeFatale                 Femme Fatale (FemmeFatale)
FemmeFatale&DataDisk        Femme Fatale (FemmeFatale&DataDisk)
FernandezMustDie            Fernandez Must Die (FernandezMustDie)
FerrariFormulaOne           Ferrari Formula One (FerrariFormulaOne)
Feud                        Feud (Feud)
FidelityChessmaster2100     Fidelity Chessmaster 2100, The (FidelityChessmaster2100)
FiendishFreddysBigTopOFun   Fiendish Freddy's Big Top o' Fun (FiendishFreddysBigTopOFun)
FIFAInternationalSoccer     FIFA International Soccer (FIFAInternationalSoccer)
FighterBomber               Fighter Bomber (FighterBomber)
FighterBomberAM             Fighter Bomber (FighterBomberAM)
FighterDuelPro              Fighter Duel Pro (FighterDuelPro)
FightingSoccerNTSC          Fighting Soccer (FightingSoccerNTSC)
FightinSpirit               Fightin' Spirit (FightinSpirit)
FinalAssault                Final Assault (FinalAssault)
FinalBattle                 The Final Battle (FinalBattle)
FinalBlow                   Final Blow (FinalBlow)
FinalCountdown              Final Countdown (FinalCountdown)
FinalFight                  Final Fight (FinalFight)
Fire&Brimstone              Fire and Brimstone (Fire&Brimstone)
Fire&Forget                 Fire & Forget (Fire&Forget)
Fire&Forget2                Fire & Forget II: The Death Convoy (Fire&Forget2)
Fire&Ice                    Fire and Ice (Fire&Ice)
Fire&IceXmasDemo            Fire and Ice (Fire&IceXmasDemo)
FireAndBrimstone            Fire and Brimstone (FireAndBrimstone)
Fireblaster                 Fireblaster (Fireblaster)
FireForce                   Fire Force (FireForce)
Firehawk                    Firehawk (Firehawk) FireHawk
Firepower                   Firepower (Firepower)
Firestar                    Firestar (Firestar)
FirstContact                First Contact (FirstContact)
FirstSamurai                The First Samurai (FirstSamurai)
Fish                        Fish! (Fish)
FistFighter                 Fist Fighter (FistFighter)
FiveASideSoccer             Five-A-Side Soccer (FiveASideSoccer)
Flaschbier                  Werner Flaschbier (Flaschbier)
Flashback                   Flashback (Flashback)
FlightOfTheAmazonQueen      Flight of the Amazon Queen (FlightOfTheAmazonQueen)
FlightOfTheIntruder         Flight of the Intruder (FlightOfTheIntruder)
FlightPath737               Flight Path 737 (FlightPath737)
FlightSim2&SceneryDisk07    Flight Simulator II (FlightSim2&SceneryDisk07)
FlightSim2&SceneryDisk09    Flight Simulator II (FlightSim2&SceneryDisk09)
FlightSim2&SceneryDisk11    Flight Simulator II (FlightSim2&SceneryDisk11)
FlightSim2&SceneryDisk12    Flight Simulator II (FlightSim2&SceneryDisk12)
FlightSim2&SceneryDisk13    Flight Simulator II (FlightSim2&SceneryDisk13)
FlightSim2&SceneryDisk14    Flight Simulator II (FlightSim2&SceneryDisk14)
FlightSimulator2            Flight Simulator II (FlightSimulator2)
FlightSimulator2&Hawaiian   Flight Simulator II (FlightSimulator2&Hawaiian) FlightSim2&Hawaiian
FlimbosQuest                Flimbo's Quest (FlimbosQuest)
Flintstones                 The Flintstones (Flintstones)
FlipFlop                    Flip Flop (FlipFlop)
Flipit&Magnose              Flip-it & Magnose: Water Carriers from Mars (Flipit&Magnose)
Flood                       Flood (Flood)
Floor13                     Floor 13 (Floor13)
FlyFighter                  Fly Fighter (FlyFighter) highs
FlyFighter                  Fly Fighter (FlyFighter)
FlyHarder                   Fly Harder (FlyHarder)
FlyingShark                 Flying Shark (FlyingShark)
FoolsErrand                 Fool's Errand, The (FoolsErrand)
FootballerOfTheYear2        Footballer of the Year 2 (FootballerOfTheYear2)
FootballGlory               Football Glory (FootballGlory)
FootballManager2            Football Manager 2 (FootballManager2)
FootballManagerWCEd         Football Manager: World Cup Edition (FootballManagerWCEd)
ForgottenMine               Forgotten Mine (ForgottenMine)
ForgottenWorlds             Forgotten Worlds (ForgottenWorlds)
Formula1GrandPrix           Formula 1 Grand Prix (Formula1GrandPrix)
FormulaOneGrandPrix3Disk    Formula One Grand Prix (FormulaOneGrandPrix3Disk)
FormulaOneGrandPrix4Disk    Formula One Grand Prix (FormulaOneGrandPrix4Disk)
FoundationsWaste            Foundation's Waste (FoundationsWaste)
FourCrystalsOfTrazere       The Four Crystals of Trazere (FourCrystalsOfTrazere) getlegendsavedisk
FourCrystalsOfTrazere       The Four Crystals of Trazere (FourCrystalsOfTrazere)
Frankenstein                Frankenstein (Frankenstein)
FranticFreddie              Frantic Freddie (FranticFreddie)
FreakOut                    Freak Out (FreakOut)
Freedom                     Freedom: Rebels in the Darkness (Freedom)
Frenetic                    Frenetic (Frenetic)
FrightNight                 Fright Night (FrightNight)
Frontier                    Frontier: Elite II (Frontier)
FrostByte                   Frost Byte (FrostByte)
FullContact                 Full Contact (FullContact)
FullMetalPlaneteImage       Full Metal Planete (FullMetalPlaneteImage)
FuryOfTheFurries            Fury of the Furries (FuryOfTheFurries)
Fusion                      Fusion (Fusion)
FutureBasketball            Future Basketball (FutureBasketball)
FutureBikeSimulator         Future Bike Simulator (FutureBikeSimulator)
FutureClassicsCollection    Future Classics Collection (FutureClassicsCollection)
FutureShock                 Future Shock (FutureShock)
FutureTank                  Future Tank (FutureTank)
FutureWars                  Future Wars: Time Travellers (FutureWars)
Fuzzball                    Fuzzball (Fuzzball) Intro
Fuzzball                    Fuzzball (Fuzzball)
GadgetLostInTime            Gadget: Lost in Time (GadgetLostInTime)
Gainforce                   Gainforce (Gainforce)
GalacticConqueror           Galactic Conqueror (GalacticConqueror)
GalacticEmpire              Galactic Empire (GalacticEmpire)
GalacticTheXmasEdition1MB   Galactic: The Xmas Edition (GalacticTheXmasEdition1MB)
GalacticWarriorRats         Galactic Warrior Rats (GalacticWarriorRats)
Galaga92                    Galaga '92 (Galaga92)
Galaxy89                    Galaxy '89 (Galaxy89)
GalaxyBlast                 Galaxy Blast (GalaxyBlast)
GalaxyForce2                Galaxy Force II (GalaxyForce2)
GaldregonsDomain            Galdregon's Domain (GaldregonsDomain)
GameOfHarmony               Game of Harmony, The (GameOfHarmony)
GamesSummerEdition          The Games: Summer Edition (GamesSummerEdition)
GamesWinterEdition          The Games: Winter Edition (GamesWinterEdition)
Ganymed                     Ganymed (Ganymed)
GarfieldAWintersTail        Garfield: Winter's Tail (GarfieldAWintersTail)
GarfieldBigFatHairyDeal     Garfield: Big, Fat, Hairy Deal (GarfieldBigFatHairyDeal)
Garrison                    Garrison (Garrison)
Garrison2                   Garrison II: The Legend Continues (Garrison2)
GaryLinekersHotShot         Gary Lineker's Hot Shot (GaryLinekersHotShot)
GatewayToSavageFrontier     Gateway to the Savage Frontier (GatewayToSavageFrontier)
Gauntlet2                   Gauntlet II (Gauntlet2)
Gauntlet3                   Gauntlet III: The Final Quest (Gauntlet3)
Gazza2                      Gazza II (Gazza2)
GBAChampionshipBB           GBA Championship Basketball (GBAChampionshipBB)
GearWorks                   Gear Works (GearWorks)
GeeBeeAirRally              GeeBee Air Rally (GeeBeeAirRally)
Geisha                      Geisha (Geisha)
GeminiWing                  Gemini Wing (GeminiWing)
GemStoneLegend              Gem Stone Legend (GemStoneLegend)
GemX                        Gem'X (GemX)
Genesia                     Genesia (Genesia)
Gettysburg                  Gettysburg (Gettysburg)
GhostBattle                 Ghost Battle (GhostBattle)
Ghostbusters2               Ghostbusters II (Ghostbusters2)
GhostChaser                 Ghost Chaser (GhostChaser)
GhostsNGoblins              Ghosts 'n Goblins (GhostsNGoblins)
GhoulsNGhosts               Ghouls 'n Ghosts (GhoulsNGhosts)
Giddy2HeroInAnEggShell      Giddy II: Hero in an Egg Shell (Giddy2HeroInAnEggShell)
Giganoid                    Giganoid (Giganoid)
Gladiators                  Gladiators (Gladiators)
GlobalGladiators            Global Gladiators (GlobalGladiators)
GlobalTrek                  Global Trek (GlobalTrek)
Globdule                    Globdule (Globdule)
Globulus                    Globulus (Globulus)
GLOCR360                    G-LOC R360 (GLOCR360)
GloomDemo                   Gloom (GloomDemo)
GNius                       G.Nius (GNius)
GnomeAlone                  Gnome Alone (GnomeAlone)
GnomeRanger                 Gnome Ranger (GnomeRanger)
Goal                        Goal! (Goal)
Gobliiins                   Gobliiins (Gobliiins)
Gobliins2                   Gobliins 2: The Prince Buffoon (Gobliins2)
Goblins3                    Goblins 3 (Goblins3)
Godfather                   Godfather, The (Godfather)
Gods                        Gods (Gods)
GoldenAxe                   Golden Axe (GoldenAxe)
GoldenEagle                 Golden Eagle (GoldenEagle) Intro
GoldenEagle                 Golden Eagle (GoldenEagle)
GoldenPath                  Golden Path (GoldenPath)
GoldOfTheAztecs             Gold of the Aztecs, The (GoldOfTheAztecs)
GoldOfTheAztecs_Kernal1.1   Gold of the Aztecs, The (GoldOfTheAztecs_Kernal1.1) GoldOfTheAztecs(v1.1)
Goldrunner                  Goldrunner (Goldrunner)
Goldrunner2                 Goldrunner II (Goldrunner2)
Goldrunner2&SceneryDisks    Goldrunner II (Goldrunner2&SceneryDisks)
GoldRush                    Gold Rush! (GoldRush)
GoofysRailwayExpress        Goofy's Railway Express (GoofysRailwayExpress)
GraemeSounessSoccerManagr   Graeme Souness Soccer Manager (GraemeSounessSoccerManagr)
GraemeSounessVectorSoccer   Graeme Souness Vector Soccer (GraemeSounessVectorSoccer)
GrahamGoochSecondInnings    Graham Gooch's Second Innings (GrahamGoochSecondInnings)
GrahamGoochWCCricket        Graham Gooch World Class Cricket (GrahamGoochWCCricket)
GrahamGoochWCCricketSE      Graham Gooch World Class Cricket (GrahamGoochWCCricketSE)
GrandMonsterSlam            Grand Monster Slam (GrandMonsterSlam)
GrandPrixCircuit            Grand Prix Circuit (GrandPrixCircuit)
GrandPrixMaster             Grand Prix Master (GrandPrixMaster)
GrannysGarden               Granny's Garden (GrannysGarden)
Gravity                     Gravity (Gravity)
GravityForce                Gravity-Force (GravityForce)
GreatCourts                 Great Courts (GreatCourts)
GreatCourts2                Great Courts 2 (GreatCourts2)
GreatGianaSisters           The Great Giana Sisters (GreatGianaSisters)
Gremlins2                   Gremlins 2: The New Batch (Gremlins2)
Gridiron                    Gridiron! (Gridiron)
GridStart                   Grid Start (GridStart)
GTSoccerChallenge           Graham Taylors Soccer Challenge (GTSoccerChallenge)
GuardianAngel               Guardian Angel, The (GuardianAngel)
GuildOfThieves              Guild of Thieves, The (GuildOfThieves)
GuldkornExpressenDk512KB    Guldkorn Expressen (GuldkornExpressenDk512KB)
Gunboat                     Gunboat (Gunboat)
Gunship                     Gunship (Gunship)
Gunship2000                 Gunship 2000 (Gunship2000)
Gunshoot                    Gunshoot (Gunshoot)
GuySpyCDTV                  Guy Spy and the Crystals of Armageddon (GuySpyCDTV)
Hacker                      Hacker (Hacker)
Hacker2                     Hacker II: The Doomsday Papers (Hacker2)
HagarTheHorrible            Hägar (HagarTheHorrible)
HalleyProject               Halley Project, The: A Mission In Our Solar System (HalleyProject)
HammerBoy                   Hammer Boy (HammerBoy)
Hammerfist                  Hammerfist (Hammerfist)
HaraldHaardtandDk           Harald Hårdtand: Kampen om de Rene Tænder (HaraldHaardtandDk)
HardBall                    Hardball! (HardBall)
HardBall2                   Hardball II (HardBall2)
HardDrivin                  Hard Drivin' (HardDrivin)
HardDrivin2                 Hard Drivin' (HardDrivin2)
HardNHeavy                  Hard 'n' Heavy (HardNHeavy)
Harlequin512KB              Harlequin (Harlequin512KB)
HarleyDavidson              Harley-Davidson (HarleyDavidson)
Harpoon&Battleset1          Harpoon & Battleset 1: Greenland - Iceland - United Kingdom Gap (Harpoon&Battleset1)
Harpoon&Battleset2          Harpoon Battleset 2: North Atlantic Convoys (Harpoon&Battleset2)
Harpoon&Battleset3          Harpoon Battleset 3: The Mediterranean Conflict (Harpoon&Battleset3)
Harpoon&Battleset4          Harpoon Battleset 4: The Indian Ocean (Harpoon&Battleset4)
HarrierCombatSimulator      Harrier Combat Simulator (HarrierCombatSimulator)
HATE                        H.A.T.E.: Hostile All Terrain Encounter (HATE)
Hawkeye                     Hawkeye (Hawkeye)
HeadOverHeels               Head Over Heels (HeadOverHeels)
HeartOfChina                Heart of China (HeartOfChina)
HeartOfTheDragon3Disk       Heart of the Dragon (HeartOfTheDragon3Disk)
HeartOfTheDragon4Disk       Heart of the Dragon (HeartOfTheDragon4Disk)
HeavyMetal                  Heavy Metal (HeavyMetal)
HeavyMetalHeroes            Heavy Metal Heroes (HeavyMetalHeroes)
Heimdall                    Heimdall (Heimdall)
Heimdall2                   Heimdall 2: Into the Hall of Worlds (Heimdall2)
Hellbent                    Hellbent (Hellbent)
HellfireAttack              Hellfire Attack (HellfireAttack)
Hellraider                  Hellraider (Hellraider)
HellRaisers                 Hell Raisers (HellRaisers)
HellrunMachine              The Hellrun Machine (HellrunMachine)
HelterSkelter               Helter Skelter (HelterSkelter)
HeroesOfTheLance            Heroes of the Lance (HeroesOfTheLance)
HeroQuest                   HeroQuest (HeroQuest)
HeroQuest&ReturnWitchLord   HeroQuest (HeroQuest&ReturnWitchLord)
HeroQuest2                  HeroQuest II: Legacy of Sorasil (HeroQuest2)
HerosQuest                  Hero's Quest (HerosQuest)
HighSteel                   High Steel (HighSteel)
HighwayHawks                Highway Hawks (HighwayHawks)
HighwayPatrol2              Highway Patrol II (HighwayPatrol2)
Hillsfar                    Hillsfar (Hillsfar)
HillStreetBlues             Hill Street Blues (HillStreetBlues)
Hilt                        Hilt: Against the Hoardes (Hilt)
Hilt2                       Hilt II (Hilt2)
HiredGuns512KB              Hired Guns (HiredGuns512KB)
Historyline                 Historyline 1914-1918 (Historyline) HistoryLine
HitchhikersGuideTTG         Hitchhiker's Guide to the Galaxy, The (HitchhikersGuideTTG)
HoleInOne                   Hole-In-One (HoleInOne)
HoleInOne&DataDisks         Hole-In-One (HoleInOne&DataDisks)
HollywoodPoker              Hollywood Poker (HollywoodPoker)
HollywoodPokerPro           Hollywood Poker Pro (HollywoodPokerPro)
HongKongPhooey              Hong Kong Phooey (HongKongPhooey)
Hook                        Hook (Hook)
HorrorZombiesFromTheCrypt   Horror Zombies from the Crypt (HorrorZombiesFromTheCrypt)
Hostages                    Hostages (Hostages)
HostileBreed                Hostile Breed (HostileBreed)
HotRod                      Hot Rod (HotRod)
HotRubber                   Hot Rubber (HotRubber)
Hotshot                     Hotshot (Hotshot)
HoundOfShadow               The Hound of Shadow (HoundOfShadow)
HuckleberryHound            Huckleberry Hound in Hollywood Capers (HuckleberryHound)
HudsonHawk                  Hudson Hawk (HudsonHawk)
Hugo1Dk                     Hugo på nye Eventyr (Hugo1Dk)
Hugo2Dk                     Hugo på nye Eventyr Del 2 (Hugo2Dk)
HumanKillingMachine         Human Killing Machine (HumanKillingMachine)
Humans                      Humans, The (Humans)
Humans2                     Humans 2: The Jurassic Levels (Humans2)
Hunter                      Hunter (Hunter)
HuntForRedOctober           The Hunt for Red October [Oxford Digital] (HuntForRedOctober)
HuntForRedOctoberTheMovie   Hunt for Red October, The (HuntForRedOctoberTheMovie)
Hybris                      Hybris (Hybris)
Hydra                       Hydra (Hydra)
Hyperdome                   Hyperdome (Hyperdome)
Hyperion                    Hyperion (Hyperion)
IanBothamsCricket           Ian Botham's Cricket (IanBothamsCricket)
IceRunner                   Ice Runner (IceRunner)
IkariWarriors               Ikari Warriors (IkariWarriors)
Ilyad                       Ilyad (Ilyad)
Immortal                    The Immortal (Immortal)
Impact                      Impact! (Impact)
Impact95                    Impact! (Impact95)
Imperium                    Imperium (Imperium)
Impossamole                 Impossamole (Impossamole)
ImpossibleMission2          Impossible Mission II (ImpossibleMission2)
ImpossibleMission2025       Impossible Mission 2025: The Special Edition (ImpossibleMission2025)
IncredibleCrashDummies      Incredible Crash Dummies, The (IncredibleCrashDummies)
IndianaJonesAtlantisAct     Indiana Jones and the Fate of Atlantis (IndianaJonesAtlantisAct)
IndianaJonesAtlantisAdv     Indiana Jones and the Fate of Atlantis (IndianaJonesAtlantisAdv)
IndianaJonesLastCrusAct     Indiana Jones and the Last Crusade (IndianaJonesLastCrusAct)
IndianaJonesLastCrusAdv     Indiana Jones and the Last Crusade (IndianaJonesLastCrusAdv)
IndianaJonesTempleOfDoom    Indiana Jones and the Temple of Doom (IndianaJonesTempleOfDoom)
Indianapolis500             Indianapolis 500 (Indianapolis500)
IndigoImage                 Indigo (IndigoImage)
IndoorSports                Indoor Sports: Volume 1 (IndoorSports)
IndyHeat                    Indy Heat (IndyHeat)
InertiaDrive                Inertia Drive (InertiaDrive)
Infection                   Infection (Infection)
Infestation                 Infestation (Infestation)
IngridsBack                 Ingrid's Back! (IngridsBack)
InnocentUntilCaught         Innocent Until Caught (InnocentUntilCaught)
InsanityFight               Insanity Fight (InsanityFight)
InsectorHectiInterChange    Insector Hecti in the Interchange (InsectorHectiInterChange)
InsectsInSpace              Insects in Space (InsectsInSpace)
Intact512KB                 Intact (Intact512KB)
International3DTennis       International 3D Tennis (International3DTennis)
InternationalIceHockey      International Ice Hockey (InternationalIceHockey)
InternationalKarate+        IK+ (InternationalKarate+)
InternationalNinjaRabbits   International Ninja Rabbits (InternationalNinjaRabbits)
InternationalSoccer         International Soccer (InternationalSoccer)
InternationalTennis         International Tennis (InternationalTennis)
InternationalTruckRacing    International Truck Racing (InternationalTruckRacing)
Interphase                  Interphase (Interphase)
IntoTheEaglesNest           Into the Eagle's Nest (IntoTheEaglesNest)
IntSportsChallenge          International Sports Challenge (IntSportsChallenge)
Invasion                    Invasion (Invasion)
IronLord                    Iron Lord (IronLord)
IronTrackers                Iron Trackers (IronTrackers)
Ishar                       Ishar: Legend of the Fortress (Ishar)
Ishar2                      Ishar 2: Messengers of Doom (Ishar2)
Ishar3                      Ishar 3: The Seven Gates of Infinity (Ishar3)
Ishido                      Ishidó: The Way of Stones (Ishido)
IslandOfLostHope            Island of Lost Hope, The (IslandOfLostHope)
ISS                         ISS: Incredible Shrinking Sphere (ISS)
Italia1990                  Italy 1990 (Italia1990)
Italy1990                   Italy 1990 (Italy1990)
Italy1990WinnersEdition     Italy 1990: Winners Edition (Italy1990WinnersEdition)
ItCameFromDesert2Antheads   Antheads: It Came from the Desert II Data Disk (ItCameFromDesert2Antheads) .slav
ItCameFromTheDesert         It Came from the Desert (ItCameFromTheDesert)
ItCameFromTheDesert2        Antheads: It Came from the Desert II Data Disk (ItCameFromTheDesert2)
Ivanhoe                     Ivanhoe (Ivanhoe)
JaguarXJ220                 Jaguar XJ220 (JaguarXJ220)
JahangirKhansWChampSquash   Jahangir Khan's World Championship Squash (JahangirKhansWChampSquash)
JamesBondTheStealthAffair   James Bond: The Stealth Affair (JamesBondTheStealthAffair)
JamesPond                   James Pond: Underwater Agent (JamesPond)
JamesPond2                  James Pond 2: Codename RoboCod (JamesPond2)
Jaws                        Jaws (Jaws)
Jet                         Jet (Jet)
Jet&HawaiianScenery         Jet (Jet&HawaiianScenery)
Jet&SceneryDisk07           Jet (Jet&SceneryDisk07)
Jet&SceneryDisk09           Jet (Jet&SceneryDisk09)
Jet&SceneryDisk11           Jet (Jet&SceneryDisk11)
Jet&SceneryDisk12           Jet (Jet&SceneryDisk12)
Jet&SceneryDisk13           Jet (Jet&SceneryDisk13)
Jet&SceneryDisk14           Jet (Jet&SceneryDisk14)
JetSetWilly2                Jet Set Willy II (JetSetWilly2)
JetsonsTheComputerGame      Jetsons: The Computer Game (JetsonsTheComputerGame)
Jetstrike                   Jetstrike (Jetstrike) Intro
Jetstrike                   Jetstrike (Jetstrike)
JewelsOfDarkness            Jewels of Darkness (JewelsOfDarkness)
JimmysFantasticJourney      Jimmy's Fantastic Journey (JimmysFantasticJourney)
JimmyWhitesSnooker          Jimmy White's Whirlwind Snooker (JimmyWhitesSnooker)
JimPower                    Jim Power in Mutant Planet (JimPower)
Jinks                       Jinks (Jinks)
Jinxter                     Jinxter (Jinxter)
JockyWilsonsDartChallenge   Jocky Wilson's Darts Challenge (JockyWilsonsDartChallenge)
Joe&MacCavemanNinja         Joe & Mac: Caveman Ninja (Joe&MacCavemanNinja)
JoeBlade                    Joe Blade (JoeBlade)
JoeBlade2                   Joe Blade 2 (JoeBlade2)
JohnBarnesEuroFootball      John Barnes European Football (JohnBarnesEuroFootball)
JohnLowesUltimateDarts      John Lowe's Ultimate Darts (JohnLowesUltimateDarts)
JohnMaddenFootball          John Madden Football (JohnMaddenFootball)
Journey                     Journey (Journey)
Jouster3                    Jouster 3 (Jouster3)
JudgeDredd                  Judge Dredd (JudgeDredd)
Jug                         Jug (Jug)
JumpingJackSon              Jumping Jack'son (JumpingJackSon)
JumpNRoll                   Jump'n Roll (JumpNRoll)
JungleStrike1MB             Jungle Strike (JungleStrike1MB)
JuniorTypist                Junior Typist (JuniorTypist)
JupiterProbe                Jupiter Probe (JupiterProbe)
JupitersMasterdrive         Jupiter's Masterdrive (JupitersMasterdrive)
JurassicPark                Jurassic Park (JurassicPark)
K240                        K240 (K240)
KajkoIKokosz                Kajko i Kokosz (KajkoIKokosz)
Kamikaze                    Kamikaze (Kamikaze)
KarateKid2                  Karate Kid Part II, The (KarateKid2)
KarateKing&CityDefense      Karate King (KarateKing&CityDefense) KarateKing&CityDefence
KartingGrandPrix            Karting Grand Prix (KartingGrandPrix)
Katakis1Disk                Katakis (Katakis1Disk)
Katakis2Disk                Katakis (Katakis2Disk)
KeefTheThief                Keef the Thief (KeefTheThief)
KellyX                      Kelly X (KellyX)
KennedyApproach             Kennedy Approach (KennedyApproach)
KeysToMaramon               The Keys to Maramon (KeysToMaramon)
KGB                         KGB (KGB)
Khalaan                     Khalaan (Khalaan)
KickOff                     Kick Off (KickOff)
KickOff&ExtraTime1Disk      Kick Off (KickOff&ExtraTime1Disk)
KickOff&ExtraTime2Disk      Kick Off (KickOff&ExtraTime2Disk)
KickOff2                    Kick Off 2 (KickOff2)
KickOff216                  Kick Off 2 (KickOff216)
KickOff2CV                  Kick Off 2 (KickOff2CV)
KickOff2FinalWhistle        Kick Off 2: The Final Whistle (KickOff2FinalWhistle)
KickOff2FinalWhistleCV      Kick Off 2: The Final Whistle (KickOff2FinalWhistleCV)
KickOff2PlusWC90            Kick Off 2 (KickOff2PlusWC90)
KickOff2ReturnToEurope      Kick Off 2: Return to Europe (KickOff2ReturnToEurope)
KickOff3                    Kick Off 3 (KickOff3)
KickOff3EC                  Kick Off 3: European Challenge (KickOff3EC)
KickOff96                   Kick Off 96 (KickOff96)
KidChaos                    Kid Chaos (KidChaos)
KidGloves                   Kid Gloves (KidGloves)
KidGlovesII                 Kid Gloves II (KidGlovesII)
Kikstart2                   Kikstart II (Kikstart2)
Kikugi                      Kikugi (Kikugi)
Killerball                  Killerball (Killerball)
KillingCloud                The Killing Cloud (KillingCloud)
KillingGameShow             Killing Game Show, The (KillingGameShow)
KillingMachine              Killing Machine (KillingMachine)
KingmakerQuestForTheCrown   Kingmaker: The Quest for the Crown (KingmakerQuestForTheCrown)
KingOfChicago               King of Chicago, The (KingOfChicago)
Kingpin                     Kingpin: Arcade Sports Series Bowling (Kingpin)
KingsQuest                  King's Quest (KingsQuest)
KingsQuest2                 King's Quest II (KingsQuest2)
KingsQuest3                 King's Quest III: To Heir is Human (KingsQuest3)
KingsQuest4                 King's Quest IV (KingsQuest4)
KingsQuest5                 King's Quest V (KingsQuest5)
KingsQuest6                 King's Quest VI (KingsQuest6)
KingsQuestEnhanced          King's Quest: Quest for the Crown (KingsQuestEnhanced)
KirosQuest                  Kiro's Quest (KirosQuest)
Klax                        Klax (Klax)
KnightForce                 Knight Force (KnightForce)
Knightmare                  Knightmare (Knightmare)
KnightOrc                   Knight Orc (KnightOrc)
KnightsOfTheCrystallion     Knights of the Crystallion (KnightsOfTheCrystallion)
KnightsOfTheSky             Knights of the Sky (KnightsOfTheSky)
Kristal                     The Kristal (Kristal)
KrustysSuperFunHouse        Krusty's Super Fun House (KrustysSuperFunHouse)
KryptonEgg                  Krypton Egg (KryptonEgg)
Kult                        Kult (Kult)
Kwasimodo                   Kwasimodo (Kwasimodo)
KwikSnax                    Kwik Snax (KwikSnax)
LabyrinthDk                 Labyrinth (LabyrinthDk)
LamborghiniAmericanChllng   Lamborghini American Challenge (LamborghiniAmericanChllng)
Lancelot                    Lancelot (Lancelot)
LaserSquad                  Laser Squad (LaserSquad)
LastActionHero              Last Action Hero (LastActionHero)
LastBattle                  Last Battle (LastBattle)
LastDuel                    Last Duel (LastDuel)
LastNinja2                  Last Ninja 2 (LastNinja2)
LastNinja3                  Last Ninja 3 (LastNinja3)
LeaderBoard                 Leader Board (LeaderBoard) Leaderboard
LeaderBoardArcadia          World Class Leader Board (LeaderBoardArcadia)
LeaderBoardTD1              Leader Board Tournament (LeaderBoardTD1) LeaderboardTD1
LeadingLapMPV               Leading Lap MPV (LeadingLapMPV)
Leander                     Leander (Leander)
Leatherneck                 Leatherneck (Leatherneck)
LeavinTeramis               Leavin' Teramis (LeavinTeramis)
LEDStorm                    LED Storm (LEDStorm)
Legacy                      Legacy (Legacy) TheGame
Legacy                      Legacy (Legacy) The
LegendMindscape             Legend [Mindscape] (LegendMindscape)
LegendMindscape             Legend [Mindscape] (LegendMindscape) getlegendsavedisk
LegendOfDjel                Legend of Djel (LegendOfDjel)
LegendOfFaerghail           Legend of Faerghail (LegendOfFaerghail)
LegendOfKyrandia            Legend of Kyrandia (LegendOfKyrandia)
LegendOfRagnarok            King's Table: The Legend of Ragnarok (LegendOfRagnarok)
LegendOfTheLost             Legend of the Lost (LegendOfTheLost)
LegendOfTheSword            Legend of the Sword (LegendOfTheSword)
LegendsOfValour             Legends of Valour (LegendsOfValour)
LeisureSuitLarry2           Leisure Suit Larry 2 (LeisureSuitLarry2)
LeisureSuitLarry3           Leisure Suit Larry 3 (LeisureSuitLarry3)
LeisureSuitLarry5           Leisure Suit Larry 5: Passionate Patti does a Little Undercover Work (LeisureSuitLarry5)
Lemmings2Demo               Lemmings 2: The Tribes (Lemmings2Demo)
LemmingsAltImage            Lemmings (LemmingsAltImage)
LemmingsCDTV                Lemmings (LemmingsCDTV)
LemmingsHoliday1993         Holiday Lemmings 1993 (LemmingsHoliday1993)
LemmingsHoliday1994         Holiday Lemmings 1994 (LemmingsHoliday1994)
LemmingsHolidayDemo         Holiday Lemmings 1994 (LemmingsHolidayDemo)
LeonardoDOS                 Leonardo (LeonardoDOS)
LeonardoHighDensity         Leonardo (LeonardoHighDensity)
LesManleySearchForTheKing   Les Manley in Search for the King (LesManleySearchForTheKing)
LethalWeapon                Lethal Weapon (LethalWeapon)
LethalXcess                 Lethal Xcess (LethalXcess)
LethalZone                  Lethal Zone (LethalZone)
Leviathan                   Leviathan (Leviathan)
LicenceToKill               Licence to Kill (LicenceToKill)
Life&Death                  Life & Death (Life&Death)
LightCorridor               Light Corridor, The (LightCorridor)
Limes&Napoleon              Limes & Napoleon (Limes&Napoleon)
LineOfFire                  Line of Fire (LineOfFire)
Links                       Links: The Challenge of Golf (Links)
Links&DataDisks             Links: The Challenge of Golf (Links&DataDisks)
Lionheart                   Lionheart (Lionheart)
LiquidKidsImage             Liquid Kids (LiquidKidsImage)
LittleComputerPeople        Little Computer People (LittleComputerPeople)
LittlePuffInDragonland      Little Puff in Dragonland (LittlePuffInDragonland)
Live&LetDie&SpaceHarrier    Live and Let Die (Live&LetDie&SpaceHarrier)
LiveAndLetDie               Live and Let Die (LiveAndLetDie)
Livingstone2                Livingstone II (Livingstone2)
Llamatron512KB              Llamatron: 2112 (Llamatron512KB)
Locomotion                  Locomotion (Locomotion)
LogicalCDTV                 Logical (LogicalCDTV)
Logo                        Logo (Logo)
Lollypop                    Lollypop (Lollypop)
LombardRACRally1Disk        Lombard RAC Rally (LombardRACRally1Disk)
LombardRACRally2Disk        Lombard RAC Rally (LombardRACRally2Disk)
LoomKick31                  Loom (LoomKick31)
Loopz                       Loopz (Loopz)
LordsOfChaos                Lords of Chaos (LordsOfChaos)
LordsOfChaos&DataDisk       Lords of Chaos (LordsOfChaos&DataDisk)
LordsOfDoom                 Lords of Doom (LordsOfDoom)
LordsOfTheRealm             Lords of the Realm (LordsOfTheRealm)
LordsOfTheRisingSun         Lords of the Rising Sun (LordsOfTheRisingSun)
LordsOfTime                 Lords of Time (LordsOfTime)
LordsOfWar                  Lords of War (LordsOfWar) lordsOfwar
Lorna                       Lorna (Lorna)
LostDutchmanMine            Lost Dutchman Mine (LostDutchmanMine)
LostInMine                  Lost in Mine (LostInMine)
LostPatrol                  Lost Patrol, The (LostPatrol)
LostVikings                 The Lost Vikings (LostVikings)
LotharMatthausFussball      Lothar Matthäus (LotharMatthausFussball)
Lotus                       Lotus Esprit Turbo Challenge (Lotus)
Lotus2                      Lotus Turbo Challenge 2 (Lotus2)
Lotus3                      Lotus III: The Ultimate Challenge (Lotus3)
LupoAlberto                 Lupo Alberto (LupoAlberto)
LureOfTheTemptress          Lure of the Temptress (LureOfTheTemptress)
Luxor                       Luxor (Luxor)
M1TankPlatoon               M1 Tank Platoon (M1TankPlatoon)
Mach3                       Mach 3 (Mach3)
MadProfessorMariarti        Mad Professor Mariarti (MadProfessorMariarti)
MadShow                     Mad Show (MadShow)
MadTV                       Mad TV (MadTV)
MafdetAndTheBookOfTheDead   Mafdet and the Book of the Dead (MafdetAndTheBookOfTheDead)
MagicBoy                    Magic Boy (MagicBoy)
MagicFly512KB               Magic Fly (MagicFly512KB)
Magician                    Magician, The (Magician)
MagicJohnsonsBasketball     Magic Johnson's Basketball (MagicJohnsonsBasketball)
MagiclandDizzy              Magicland Dizzy (MagiclandDizzy)
MagiclandDizzy              Magicland Dizzy (MagiclandDizzy)
MagicLines                  Magic Lines (MagicLines)
MagicLinesCracked           Magic Lines (MagicLinesCracked)
MagicPockets                Magic Pockets (MagicPockets)
Magnatron                   Magnatron (Magnatron)
MajorMotion                 Major Motion (MajorMotion)
ManchesterUnited            Manchester United (ManchesterUnited)
ManchesterUnitedEurope20    Manchester United Europe (ManchesterUnitedEurope20)
ManchesterUnitedEurope21    Manchester United Europe (ManchesterUnitedEurope21)
ManchesterUnitedEurope23    Manchester United Europe (ManchesterUnitedEurope23)
ManchesterUnitedPLC         Manchester United: Premier League Champions (ManchesterUnitedPLC)
ManchesterUnitedTheDouble   Manchester United: The Double (ManchesterUnitedTheDouble)
ManchesterUtdPLC&Data       Manchester United: Premier League Champions (ManchesterUtdPLC&Data)
ManFromTheCouncil           Man from the Council, The (ManFromTheCouncil)
ManhattanDealers            Manhattan Dealers (ManhattanDealers)
Manhunter                   Manhunter: New York (Manhunter)
Manhunter2                  Manhunter 2: San Francisco (Manhunter2)
ManiacMansion               Maniac Mansion (ManiacMansion)
Maniax                      Maniax (Maniax)
ManicMiner                  Manic Miner (ManicMiner)
Manix                       Manix (Manix)
MarbleMadness               Marble Madness (MarbleMadness)
MariasXmasBox               Maria's Xmas Box (MariasXmasBox)
MasterAxe                   Master Axe: The Genesis of MysterX (MasterAxe)
MasterBlaster               Master Blaster (MasterBlaster)
Masterblazer                Masterblazer (Masterblazer)
MatchOfTheDay               Match of the Day (MatchOfTheDay)
MatrixMarauders             Matrix Marauders (MatrixMarauders)
MaupitiIsland               Maupiti Island (MaupitiIsland)
MaxRally                    Max Rally (MaxRally)
Maya                        Fetiche Maya, Le (Maya)
MaydaySquadHeroes           Mayday Squad (MaydaySquadHeroes)
McDonaldLand                McDonald Land (McDonaldLand)
MeanArenas                  Mean Arenas (MeanArenas)
MeanMachine                 Mean Machine (MeanMachine)
MeanStreets                 Mean Streets (MeanStreets)
MegaBall                    Megaball (MegaBall)
MegaLoMania                 Mega lo Mania (MegaLoMania)
MegaMotion                  Mega Motion (MegaMotion)
MegaPhoenix                 Mega Phoenix (MegaPhoenix)
MegaTwins                   Mega Twins (MegaTwins)
MegaTyphoon                 Mega Typhoon (MegaTyphoon)
Menace                      Menace (Menace)
MentalImage1                Mental Image Game Disk (MentalImage1)
MentalImage2                Mental Image Game Disk (MentalImage2)
Mercenary                   Mercenary I: Escape from Targ and the Second City (Mercenary)
Mercenary3                  Mercenary III: The Dion Crisis (Mercenary3)
Mercs                       Mercs (Mercs)
MervTheMerciless            Merv the Merciless (MervTheMerciless)
MetalLaw                    Metal Law (MetalLaw)
MetalMasters                Metal Masters (MetalMasters) Intro
MetalMasters                Metal Masters (MetalMasters)
MetalMutant                 Metal Mutant (MetalMutant)
MetalWarrior                Metal Warrior (MetalWarrior)
MFTanks                     MF Tanks (MFTanks)
MiamiChase                  Miami Chase (MiamiChase)
MickeyMouseComputerGame     Mickey Mouse (MickeyMouseComputerGame)
MickeysABCs                 Mickey's ABC's: A Day at the Fair (MickeysABCs)
MickeysJigsawPuzzles        Mickey's Jigsaw Puzzles (MickeysJigsawPuzzles)
MickeysMemoryChallenge      Mickey's Memory Challenge (MickeysMemoryChallenge)
Microbes                    Microbes (Microbes)
MicroMachines               Micro Machines (MicroMachines)
MicroProseGolf              MicroProse Golf (MicroProseGolf)
MicroProseSoccer            MicroProse Soccer (MicroProseSoccer)
MidnightResistance          Midnight Resistance (MidnightResistance)
Midwinter                   Midwinter (Midwinter)
Midwinter2                  Midwinter II: Flames of Freedom (Midwinter2)
MiG29Fulcrum                MiG-29 Fulcrum (MiG29Fulcrum)
MiG29MSuperFulcrum          MiG-29M Super Fulcrum (MiG29MSuperFulcrum)
Mig29SovietFighter          MIG-29 Soviet Fighter (Mig29SovietFighter)
Might&Magic2                Might and Magic II: Gates to Another World (Might&Magic2)
MightAndMagic3              Might and Magic III: Isles of Terra (MightAndMagic3)
MightyBombJack              Mighty Bombjack (MightyBombJack) MightyBombjack
MikeReadsComputerPopQuiz    Mike Read's Computer Pop Quiz (MikeReadsComputerPopQuiz)
MikroMortalTennis           Mikro Mortal Tennis (MikroMortalTennis)
Millennium22                Millennium 2.2 (Millennium22)
Mindbender                  Mindbender (Mindbender)
Mindfighter                 Mindfighter (Mindfighter)
Mindroll                    Mindroll (Mindroll)
Mindshadow                  Mindshadow (Mindshadow)
MindWalker                  Mind Walker (MindWalker)
MiniGolf                    Mini Golf (MiniGolf)
MiniGolfPlus                Mini Golf Plus (MiniGolfPlus)
Minskies                    Minskies ... The Abduction (Minskies)
MissilesOverXerion          Missiles over Xerion (MissilesOverXerion)
MissionElevator             Mission Elevator (MissionElevator)
Moebius                     Moebius (Moebius)
MonkeyIsland2               Monkey Island 2: LeChuck's Revenge (MonkeyIsland2)
MonsterBusiness             Monster Business (MonsterBusiness)
Moochies                    The Moochies (Moochies)
Moonfall                    MoonFall (Moonfall)
MoonShineRacers             Moonshine Racers (MoonShineRacers)
Moonstone                   Moonstone: A Hard Days Knight (Moonstone)
Moonwalker                  Moonwalker (Moonwalker)
Morph                       Morph (Morph)
MortalKombat                Mortal Kombat (MortalKombat)
MortalKombat21MB            Mortal Kombat II (MortalKombat21MB)
MortonStrikesBack           Morton Strikes Back (MortonStrikesBack)
MortvilleManor              Mortville Manor (MortvilleManor)
MOT                         Mot (MOT)
MotorbikeMadness            Motorbike Madness (MotorbikeMadness)
Motorhead                   Motörhead (Motorhead)
MotorMassacre               Motor Massacre (MotorMassacre)
MouseQuest                  MouseQuest (MouseQuest)
Mousetrap                   Mousetrap (Mousetrap)
MPythonsFlyingCircus        Monty Python's Flying Circus (MPythonsFlyingCircus)
MrBlobby                    Mr Blobby (MrBlobby)
MrDoRunRunImage             Do! Run Run (MrDoRunRunImage)
MrHeli                      Mr. HELI (MrHeli)
MrMenOlympics               Mr. Men Olympics, The (MrMenOlympics)
MrNutz                      Mr. Nutz (MrNutz)
MUDS                        M.U.D.S. (MUDS)
MultiPlayerSoccerManager    Multi Player Soccer Manager (MultiPlayerSoccerManager)
Munsters                    The Munsters (Munsters)
Murder                      Murder (Murder)
MurdersInSpace              Murders in Space (MurdersInSpace)
MysteriousWorlds            Mysterious Worlds (MysteriousWorlds)
MysteryOfTheMummy           Mystery of the Mummy (MysteryOfTheMummy)
Mystical                    Mystical (Mystical)
Myth                        Myth (Myth)
MythHistoryInTheMaking      MYTH: History in the Making (MythHistoryInTheMaking)
Nam19651975                 Nam 1965-1975 (Nam19651975)
Narc                        Narc (Narc)
NarcoPolice                 Narco Police (NarcoPolice)
NaughtyOnes                 Naughty Ones (NaughtyOnes)
NavyMoves                   Navy Moves (NavyMoves)
NavySeals                   Navy Seals (NavySeals)
Nebulus                     Nebulus (Nebulus)
Nebulus2                    Nebulus 2 (Nebulus2)
Necronom                    Necronom (Necronom)
Neighbours                  Neighbours (Neighbours)